<?xml version="1.0" ?>
   <rss version="2.0">
      <channel>
         <title>Gilmore on Boxing</title>
         <description>Keen insight into the world of professional boxing.</description>
         <link>http://www.gilmoreonboxing.com/</link>
         <item>
            <title>Mosley Crowned New 154-pound Champion.</title>
            <link>http://www.gilmoreonboxing.com/cs/134</link>
            <description>Shane Mosley came out on top of a bitterly contested decision against Oscar De La Hoya for the 154-pound championship.</description>
            <pubDate>Sat, September 13, 2003 11:56:34 EST</pubDate>
         </item>
         <item>
            <title>World Ward/Gatti III!</title>
            <link>http://www.gilmoreonboxing.com/cs/112</link>
            <description>Yet another fight for the ages was held on June 7 as Arturo Gatti and Mickie Ward once again left all they had in the ring, leading to a majority decision for Gatti.</description>
            <pubDate>Sat, September 6, 2003 23:57:34 EST</pubDate>
         </item>
      </channel>
   </rss>

